"Qual é a principal diferença entre compressores dinâmicos e compressores de deslocamento positivo?","Compressores dinâmicos aumentam a pressão reduzindo o volume do gás, enquanto os de deslocamento positivo usam energia cinética","Compressores dinâmicos utilizam energia cinética para acelerar o gás e converter em pressão, enquanto os de deslocamento positivo reduzem o volume do gás","Compressores dinâmicos operam apenas com líquidos, enquanto os de deslocamento positivo operam com gases","Compressores dinâmicos não possuem partes móveis, ao contrário dos de deslocamento positivo","B"
"Qual é a função principal do difusor em um compressor centrífugo?","Acelerar o gás para aumentar sua velocidade","Reduzir a temperatura do gás antes da descarga","Desacelerar o escoamento, convertendo energia cinética em pressão","Direcionar o gás axialmente para o eixo do rotor","C"
"Em um compressor centrífugo, o rotor ou impelidor tem a função de:","Converter energia cinética em energia de pressão desacelerando o gás","Acelerar o gás, convertendo a energia cinética do movimento rotacional em energia de pressão","Reduzir o volume do gás por meio de movimento alternativo","Vedar o eixo para evitar vazamentos de gás","B"
"Qual dos seguintes componentes é responsável por suportar as forças radiais e axiais do eixo em um compressor centrífugo?","Difusor","Voluta","Mancais","Carcaça","C"
"O fenômeno aerodinâmico conhecido como surge em compressores centrífugos e axiais ocorre quando:","A vazão de entrada é excessiva, causando sobrepressão","A pressão de descarga não pode ser sustentada em relação à vazão de entrada","A temperatura de sucção atinge valores abaixo do ponto de orvalho","O rotor atinge velocidade supersônica","B"
"Qual é uma das principais causas do surge em compressores dinâmicos?","Aumento da rotação do compressor","Aumento do peso molecular do gás","Queda da pressão na sucção do compressor","Redução da temperatura do gás na admissão","C"
"Os compressores axiais são amplamente utilizados em:","Sistemas de refrigeração doméstica","Motores a jato de aeronaves e turbinas a gás terrestres","Compressores de ar para oficinas mecânicas","Bombas de vácuo de pequeno porte","B"
"Em um compressor axial, qual é a função das pás fixas (estator)?","Acelerar o fluxo de gás para aumentar a velocidade","Converter a energia cinética do gás em pressão","Realizar a compressão primária do gás","Lubrificar os rolamentos do eixo","B"
"Qual dos seguintes procedimentos deve ser realizado ANTES de emitir a Permissão de Trabalho para manutenção de um compressor parado?","Instalar cadeado (Loto) e drenar/despressurizar","Abrir as válvulas de sucção e descarga","Ligar o motor para verificar pressão residual","Remover os filtros de sucção","A"
"Nos compressores alternativos de pistão, a função dos anéis de pistão é:","Conectar o pistão ao virabrequim","Converter movimento rotacional em alternativo","Proporcionar vedação entre o pistão e a parede do cilindro, evitando vazamento de gás","Controlar a abertura e fechamento das válvulas de admissão","C"
"Um compressor alternativo hermético se caracteriza por:","Carcaça soldada que impossibilita reparos internos, com motor e parte mecânica no mesmo invólucro","Bloco aparafusado que permite reparos internos, com motor separado","Carcaça aberta com acionamento externo por correias","Utilização exclusiva em aplicações de baixa pressão","A"
"Qual é a principal vantagem do compressor de parafuso (rotativo de parafuso) em relação a outros tipos?","Menor custo inicial de aquisição","Operação contínua com baixa manutenção devido à estrutura simples","Capacidade de gerar altíssimas pressões com um único estágio","Isenção total de lubrificação","B"
"Como funciona o princípio de compressão em um compressor de lóbulos (roots)?","Dois rotores helicoidais reduzem o volume do gás por compressão interna","Um pistão alternativo comprime o gás em câmara fechada","Dois rotores giram em sentidos opostos com folga, conduzindo o gás da sucção à descarga, onde a pressão aumenta devido à resistência do sistema","Uma espiral fixa e outra móvel criam câmaras progressivamente menores","C"
"Qual das alternativas descreve corretamente o compressor scroll?","Utiliza palhetas deslizantes em um rotor descentralizado para comprimir o gás","Possui dois rotores em forma de oito que giram em sentidos opostos sem contato","Utiliza dois elementos em forma de espiral, sendo um fixo e outro giratório, criando câmaras de compressão progressivamente menores","É um compressor dinâmico de fluxo axial com pás de geometria variável","C"
"Em relação à lubrificação de compressores, a lubrificação forçada caracteriza-se por:","Uso de uma concha para espirrar óleo nas partes móveis","Imersão completa das peças em óleo dentro do cárter","Utilização de bomba de óleo interna que força o óleo sob pressão para as partes móveis","Aplicação manual de graxa nos mancais a cada intervalo de operação","C"
"O que significa a sigla LOTO no contexto de manutenção de compressores?","Liberação Operacional para Trabalho Organizado","Lockout-Tagout (bloqueio e etiquetagem de fontes de energia)","Lubrificação e Óleo para Temperatura Otimizada","Linha de Operação e Trava de Oxigênio","B"
"Qual é a função das válvulas de admissão (sucção) em um compressor alternativo de pistão?","Permitir a saída do gás comprimido do cilindro","Controlar a temperatura do gás durante a compressão","Permitir a entrada de gás no cilindro durante o curso de admissão","Lubrificar as paredes do cilindro","C"
"Um compressor alternativo de dupla ação apresenta a seguinte característica operacional:","A compressão ocorre apenas em um lado do pistão a cada curso","O cilindro é dividido em duas câmaras, com compressão em ambos os lados do pistão, resultando em duas sucções e duas descargas por revolução","Utiliza dois pistões em cilindros separados operando em oposição de fase","Possui dois estágios de compressão em série","B"
"Qual dos seguintes danos mecânicos pode ser causado pelo surge em um compressor centrífugo?","Aumento da eficiência volumétrica devido à maior turbulência","Desgaste prematuro dos rolamentos devido a reversões de fluxo e pressão","Redução da velocidade de rotação por atrito nas pás","Eliminação da necessidade de sistema de selagem","B"
"Em compressores centrífugos, o rotor do tipo fechado é caracterizado por:","Pás retas na direção radial, fácil construção e baixa eficiência","Pás radiais suportadas por fechamento de um lado, proporcionando maior rigidez","Palhetas radiais curvadas, fechado nas duas laterais, com elevada rigidez, usado em múltiplos estágios","Entrada de gás por ambos os lados do rotor, reduzindo a velocidade de admissão","C"
"Qual é a função do sistema de selagem em compressores centrífugos?","Aumentar a velocidade do gás na entrada do rotor","Evitar vazamentos de gás ao longo do eixo e garantir a eficiência do equipamento","Reduzir a temperatura do gás entre estágios","Fornecer lubrificação aos mancais","B"
"O que é um skid industrial no contexto de compressores centrífugos?","Um dispositivo de segurança que para o compressor em caso de surge","Uma estrutura modular e compacta que integra vários equipamentos, pré-montada e testada antes da instalação","Um tipo de rotor com pás de geometria variável","Um sistema de lubrificação de emergência acionado por gravidade","B"
"Qual das seguintes variáveis NÃO é considerada uma característica do processo que influencia o comportamento de um compressor?","Pressão de sucção (P1)","Cor do equipamento","Natureza molecular do gás","Pressão de descarga (P2)","B"
"Em compressores alternativos, o virabrequim tem a função de:","Conectar o pistão ao cilindro","Converter o movimento rotacional do motor em movimento alternativo do pistão","Vedar a câmara de compressão","Controlar a abertura das válvulas de descarga","B"
"Qual dos seguintes é um exemplo de compressor volumétrico rotativo?","Compressor centrífugo","Compressor axial","Compressor de palheta","Compressor de fluxo misto","C"
"O que acontece com o gás em um compressor centrífugo de múltiplos estágios após passar por determinado número de estágios?","Sua pressão diminui para permitir nova compressão","Ele é direcionado a um trocador de calor para refrigeração antes de prosseguir","Sua velocidade é reduzida a zero para reiniciar o ciclo","Ele é misturado com óleo lubrificante","B"
"Qual a principal desvantagem do compressor de parafuso?","Não pode operar em regime contínuo","Exige manutenção muito frequente devido ao desgaste das palhetas","Custo inicial mais elevado em comparação com alguns outros tipos, como o de pistão","Baixa eficiência energética em qualquer condição de carga","C"
"Em um compressor de palhetas deslizantes, as palhetas são pressionadas contra a parede do estator principalmente por:","Molas mecânicas","Força centrífuga gerada pela rotação do rotor","Pressão do óleo injetado","Campo magnético","B"
"Qual a principal vantagem do compressor de lóbulos (roots) em relação à contaminação do fluido?","Possui filtros especiais que retêm partículas","Utiliza óleo sintético que não reage com o gás","É isento de óleo, pois o gás não entra em contato com lubrificantes, ideal para indústrias alimentícias e farmacêuticas","Opera com selagem a gás que elimina qualquer resíduo","C"
"O que significa a expressão ""compressão politrópica"" no contexto de desempenho de compressores?","Um tipo de compressão isotérmica ideal","Um modelo de compressão que considera variações de calor específico e outras irreversibilidades reais","A compressão realizada sem troca de calor com o meio","A compressão em dois estágios com resfriamento intermediário","B"
"Em um compressor alternativo aberto, o acionamento é feito por:","Motor elétrico integrado à carcaça selada","Motor elétrico separado, normalmente conectado por correias ou acoplamento","Sistema pneumático interno","Turbina a vapor acoplada diretamente ao eixo","B"
"Qual é a consequência direta do aumento da temperatura de sucção em um compressor, mantendo as demais variáveis constantes?","Aumento da vazão mássica","Redução da eficiência volumétrica e possível aumento da temperatura de descarga","Diminuição da pressão de descarga","Melhora na lubrificação dos mancais","B"
"Qual componente do compressor centrífugo é responsável por coletar o gás que sai do difusor e direcioná-lo para a descarga?","Rotor","Voluta ou coletor","Eixo","Mancal axial","B"
"O que ocorre durante um evento de surge em um compressor centrífugo, após a primeira instabilidade?","O compressor é imediatamente danificado de forma irreversível","A pressão na descarga diminui, a vazão interna se restabelece e o compressor pode voltar a comprimir, gerando ciclos repetitivos","O sistema de lubrificação é automaticamente desligado","As válvulas de sucção e descarga se fecham permanentemente","B"
"Qual tipo de compressor volumétrico é mais indicado para aplicações que exigem alta pressão com vazões moderadas e menor pulsação de fluxo?","Compressor centrífugo de múltiplos estágios","Compressor alternativo de dupla ação","Compressor de parafuso seco","Compressor de lóbulos","B"
"Em um compressor centrífugo, a selagem a gás (dry gas seal) é mais moderna que a selagem a óleo porque:","É mais barata e fácil de instalar","Utiliza o próprio gás comprimido para vedação, evitando contaminação do processo","Não requer nenhum tipo de manutenção","Opera apenas em baixas pressões","B"
"Qual é a principal função do cárter em um compressor alternativo?","Abrigar o cilindro e as válvulas","Envolver o virabrequim e outras peças móveis, servindo como reservatório de óleo lubrificante","Fixar o motor elétrico ao compressor","Realizar a troca de calor do gás comprimido","B"
"Os compressores axiais são caracterizados por:","O escoamento do gás entra paralelo ao eixo e sai perpendicular ao mesmo","O escoamento do gás entra e sai perpendicular ao eixo","O escoamento do gás entra e sai paralelo ao eixo de rotação","O escoamento do gás sofre duas mudanças de direção de 90 graus","C"
"Qual dos seguintes itens NÃO é uma vantagem dos compressores centrífugos?","Alta pressão por estágio, permitindo design compacto","Menor manutenção devido a poucas partes móveis","Ideal para aplicações que exigem grandes vazões","Capacidade de operar com eficiência máxima em qualquer faixa de rotação, independente da carga","D"
"O que significa a expressão ""raquetes"" no procedimento de entrega de compressor para manutenção?","Ferramentas de aperto utilizadas nos flanges","Dispositivos de bloqueio instalados entre flanges para isolar seções de tubulação","Tipo de cadeado usado no LOTO","Sistema de drenagem de emergência","B"
