"O que melhor define Segurança de Processo?","Disciplina focada apenas no uso correto de EPIs e ergonomia","Gestão da integridade de sistemas que manipulam substâncias perigosas, prevenindo perda de contenção primária","Programa de benefícios voltado à saúde ocupacional","Conjunto de regras exclusivamente voltadas para trânsito nas instalações","B"
"Sobre Segurança Ocupacional e Segurança de Processo, assinale a alternativa correta:","Segurança de processo lida com eventos mais frequentes e menos graves","Segurança ocupacional lida com eventos menos frequentes e mais graves","Ambas tratam exclusivamente de quedas de altura","Segurança ocupacional lida com eventos mais frequentes e menos graves; segurança de processo, com eventos menos frequentes e mais graves","D"
"Qual dos eventos a seguir é tipicamente de Segurança de Processo?","Lesão por esforço repetitivo","Escorregão em escritório","Explosão seguida de incêndio por liberação de hidrocarbonetos","Atropelamento em pátio administrativo","C"
"De acordo com o conceito de substâncias perigosas, qual opção é exemplo válido?","Apenas líquidos inflamáveis com ponto de fulgor acima de 93ºC","Apenas materiais radioativos","Hidrocarbonetos, vapor d'água sob pressão, amônia ou H2S","Somente substâncias tóxicas, excluindo gases inertes","C"
"Qual alternativa expressa corretamente a diferença entre perigo e risco?","Perigo e risco são sinônimos","Perigo refere-se às propriedades intrínsecas capazes de causar dano; risco é a combinação de probabilidade e consequência","Risco é sempre zero quando há EPIs","Perigo é a combinação de probabilidade e consequência; risco são as propriedades intrínsecas do agente","B"
"O que é LOPC (Loss of Primary Containment)?","Documento de autorização de trabalho em espaço confinado","Liberação não planejada ou não controlada de produto perigoso para fora de sua contenção primária","Programa de auditoria de EPIs","Plano de manutenção centrada em confiabilidade","B"
"Qual cenário caracteriza uma LOPC?","Falta de sinalização em corredor administrativo","Treinamento incompleto de operador","Reunião de DDS não realizada","Vazamento de amônia de um vaso de pressão para a área, ainda que direcionado a bacia de contenção","D"
"O que é uma UVCE (Explosão de Nuvem de Vapor Não Confinada)?","Explosão por ruptura catastrófica de vaso aquecido sob pressão","Deflagração de poeira confinada em ciclone","Rápida combustão de uma nuvem de vapor inflamável ao ar livre, gerando sobrepressão e radiação térmica","Incêndio superficial sobre poça de líquido combustível","C"
"BLEVE está associado a:","Descarga à tocha normalmente operante","Queima estável de poça","Explosão por poeira combustível","Falha catastrófica de vaso com líquido em ebulição e expansão do vapor","D"
"O que caracteriza um incêndio em poça (pool fire)?","Explosão supersônica de gás comprimido","Combustão de jato pressurizado","Combustão sobre uma poça de líquido inflamável, com retroalimentação térmica","Deflagração em nuvem de poeira","C"
"Um jet fire é tipicamente decorrente de:","Falha em linhas/vasos pressurizados liberando jato de fluido inflamável","Vazamento laminar de líquido frio","Explosão de poeira em silo","Oxidação lenta sem chama visível","A"
"Boilover em tanques ocorre quando:","Se forma jato pressurizado direcionado a outro equipamento","Há detonação supersônica no espaço de vapor","Há falha na camada de espuma sem aquecimento","Onda de calor atinge água no fundo projetando violentamente o conteúdo","D"
"A faixa de inflamabilidade é limitada por:","Pressão de vapor e viscosidade","Limite Inferior (LII) e Limite Superior (LSI) de inflamabilidade","Ponto de fulgor e ponto de combustão","Ponto de orvalho e ponto de bolha","B"
"Ponto de fulgor é:","A temperatura ambiente de referência (25ºC)","A menor temperatura na qual os vapores, na presença de ignição, iniciam a combustão","A menor temperatura na qual há vapores suficientes para iniciar e manter a combustão","A maior temperatura suportada pelo material","B"
"Temperatura de autoignição é:","Temperatura na qual a mistura é muito pobre","Temperatura de saturação do líquido","Temperatura na qual o combustível entra em combustão sem fonte externa de ignição","Temperatura de ebulição padrão","C"
"A energia mínima de ignição de uma mistura inflamável:","Nunca é atingida em atmosferas industriais","É constante e independe do agente","Só ocorre acima de 10 kJ","Varia com o agente e condições; descargas eletrostáticas podem ser suficientes","D"
"O SGSO para refinarias é regulamentado por qual norma?","Resolução ANP nº 02/2010","Resolução ANP nº 41/2015","Resolução ANP nº 05/2014","Resolução ANP nº 06/2011","C"
"Qual é uma prática de gestão prevista no SGSO?","Compliance fiscal","Gestão de cores corporativas","Marketing e vendas","Elementos Críticos de Segurança Operacional","D"
"Qual princípio consta na Política de SMS (PL-1PBR-00002)?","Redução de quadro como princípio","Lucro acima de tudo","SMS é valor e respeito à vida","Desconsiderar transparência no desempenho","C"
"Qual das alternativas corresponde a uma diretriz de SMS?","Relatórios de vendas","Gestão de mudanças","Expansão comercial","Plano de marketing externo","B"
"No modelo de camadas, barreiras preventivas e mitigadoras têm como função, respectivamente:","Evitar o desvio/LOPC e reduzir as consequências, caso ocorram","Apenas registrar incidentes","Aumentar pressão do processo e reduzir custo","Reduzir consequências e aumentar produção","A"
"Na 'anatomia de um evento', uma resposta adequada a alarmes e procedimentos atua em qual estágio?","Apenas na fase de otimização","Como barreira preventiva entre operação normal e condição anormal","Como barreira mitigadora após o evento","Somente após parada segura","B"
"Anomalias de Segurança de Processo (ASP) incluem:","Somente incidentes com lesão","Somente auditorias internas","Apenas atrasos de reunião","Eventos de LOPC ou eventos não controlados que poderiam resultar em LOPC","D"
"O HAZOP é melhor descrito como:","Inspeção visual sem equipe multidisciplinar","Checklist não estruturado","Cálculo puramente quantitativo do risco","Técnica indutiva que usa palavras-guia para identificar desvios, causas, consequências e salvaguardas","D"
"A Análise Preliminar de Risco (APR) é uma técnica:","Somente quantitativa","Exclusiva para fase de comissionamento","Indutiva e estruturada para identificar perigos, causas, consequências e propor recomendações","Aditiva e não estruturada","C"
"A LOPA tem como finalidade principal:","Definir inventário de peças sobressalentes","Avaliar se as camadas de proteção reduzem o risco a nível tolerável e definir RRF requerido","Calcular custo de manutenção","Substituir todos os estudos qualitativos","B"
"O que são modificadores de frequência?","Itens contábeis do CAPEX","Fatores que aumentam sempre a probabilidade de ignição","Fatores que ajustam a frequência conforme condições (ex.: presença de pessoas, probabilidade de ignição)","Somente barreiras instrumentadas","C"
"Condições habilitadoras são:","Exclusivamente erros humanos","Itens de manutenção corretiva","Falhas simples que sempre causam o evento","Condições que, combinadas, não causam diretamente, mas sem as quais o cenário não ocorre","D"
"O princípio ALARP significa manter o risco:","Apenas aceitável pela gerência","Tão baixo quanto razoavelmente praticável","Zero, independentemente do custo","Ao menor custo possível","B"
"Segundo as diretrizes internas, atividades com cenários NT (Não Toleráveis) IV ou V sem contingenciamento suficiente devem:","Seguir normalmente com EPIs adicionais","Aguardar autorização verbal","Ser interrompidas imediatamente","Continuar até a próxima parada geral","C"
"O fluxo de decisão para risco inicial NT prevê comunicação imediata de informações ao:","Apenas ao comitê de auditoria","Apenas ao técnico de turno","Somente ao emissor da PT","Gerente setorial e, em seguida, ao gerente responsável pela decisão","D"
"Estudos quantitativos de risco devem ser usados quando:","Como complemento, p.ex., para melhor entendimento de consequências ou por exigência regulatória","Não há qualquer incerteza","Sempre, substituindo os estudos qualitativos","Apenas em projetos sem substâncias perigosas","A"
"Quais são exemplos de estudos de consequência citados?","Análise de custo e estoque","Propagação de incêndio, dispersão de gases e explosão","Pesquisa de clima organizacional","Vibração de equipamentos rotativos apenas","B"
"Qual dos sistemas é tipicamente considerado Crítico de Segurança Operacional?","Rede de dados corporativa","Sistema de ar-condicionado do escritório","Sistema de combate a incêndio","Gestão de viagens","C"
"Qual NÃO é um princípio de projeto inerentemente mais seguro?","Minimização","Moderação","Complicação deliberada","Substituição","C"
"Sobre H2S, assinale a correta:","Mais leve que o ar e inodoro acima de 100 ppm","Limite de inflamabilidade 0,1% a 1%","Não inflamável e IPVS 10.000 ppm","Mais pesado que o ar; pode tornar-se inodoro acima de ~100 ppm; IPVS ≈ 100 ppm","D"
"Sobre NH3 (amônia), assinale a correta:","Mais leve que o ar, corrosiva, inflamável; LII~15% e LSI~28%; IPVS ≈ 300 ppm","IPVS ≈ 3 ppm","Mais pesada que o ar e IPVS 30 ppm","Não corrosiva e não inflamável","A"
"A diferença entre deflagração e detonação é que:","Ambas são supersônicas","Deflagração sempre requer confinamento extremo e detonação não","Deflagração é subsônica e detonação é supersônica","Deflagração é explosão de poeira e detonação é de gás","C"
"Qual fator pode influenciar a velocidade da onda de choque de uma explosão?","Design do logotipo","Formato do crachá","Confinamento, temperatura/pressão e geometria com obstáculos","Cor do equipamento","C"
"Associe corretamente norma e escopo:","Res. ANP 02/2010 – SGIP","Res. ANP 41/2015 – RTDT","Res. ANP 05/2014 – SGSO para Refinarias","Res. ANP 06/2011 – SGSO Refinarias","C"
"Sobre acidentes no Brasil, assinale a correta:","P-36 com 2 mortos; REPAR sem vazamento","P-36 (2001) teve 11 mortos; REPAR (2000) vazou ~4.000 m³ no Rio Iguaçu","REPAR ocorreu em 2019","P-36 sem fatalidades; REPAR vazou 40 m³","B"
"Na hierarquia de indicadores de Segurança de Processo (API RP 754), TIER 1 representa:","Apenas desvios administrativos","Apenas quase acidentes","Eventos de maiores consequências (LOPC significativos)","Eventos menores sem liberação","C"
"Qual item NÃO pertence às 10 Regras de Ouro da Petrobras?","Atenção às Mudanças","Isolamento de Energias","Aumento de produção a qualquer custo","Permissão para Trabalho","C"
"A regra 'Posicionamento Seguro' orienta a:","Desconsiderar sinalizações temporárias","Acessar áreas isoladas quando necessário para atalhos","Substituir EPIs por EPCs","Nunca se posicionar sob carga suspensa e manter-se em locais protegidos","D"
"Os Fundamentos de Segurança de Processo (FSP) visam principalmente:","Aumentar a burocracia sem foco em risco","Tratar apenas de ergonomia","Estabelecer expectativas para tarefas críticas, reforçando boas práticas operacionais","Substituir todas as normas da ANP","C"
"No modelo de camadas de proteção, uma válvula de alívio atua como:","Indicador corporativo","Elemento administrativo","Barreira mitigadora","Barreira preventiva","C"
"O PE-1PBR-01025 trata de:","Gestão dinâmica de barreiras (Bowtie e desempenho de barreiras)","Gerenciamento de contratos","SGI de TI","Plano de marketing","A"
"Classifique o cenário: vazamento de GLP com formação de nuvem e ignição atrasada.","Apenas ambiental, sem relação com processo","Segurança ocupacional típica","Segurança de processo (UVCE)","Somente ergonomia","C"
"'Atenção às Mudanças' determina que mudanças em pessoas, instalações, materiais ou procedimentos:","Devem ser analisadas e autorizadas antes de implementadas","Não se aplicam a contratados","Podem ser realizadas sem análise se forem pequenas","Devem ser tratadas apenas após ocorrência de incidente","A"