"Em um sistema de filtragem dupla com válvula de transferência, durante a troca do elemento filtrante de um dos filtros, é essencial que:","A válvula de transferência seja completamente fechada no lado a ser trocado","A pressão diferencial seja aliviada antes da abertura","O fluxo de óleo seja interrompido para evitar contaminação","Não haja possibilidade de passagem de óleo não filtrado pelo filtro em manutenção","D"
"Qual é a principal diferença entre PLVs e PSVs?","PLVs operam apenas com fluidos compressíveis","PSVs não requerem calibração","PLVs são usadas apenas em bombas centrífugas","PLVs têm abertura proporcional à pressão excedente","D"
"Qual é a principal função do lubrificante em equipamentos industriais?","Reduzir o desgaste e o atrito","Dissolver contaminantes metálicos","Aumentar a temperatura de operação","Aumentar o atrito entre superfícies","A"
"Por que bombas de deslocamento positivo requerem obrigatoriamente PLVs?","Porque a vazão é quase independente da pressão","Porque requerem lubrificação especial","Porque operam em alta temperatura","Porque são pouco eficientes","A"
"Na equação de Bernoulli, quais são as três formas de energia consideradas?","Energia de deformação, térmica e cinética","Energia de pressão, cinética e potencial","Energia térmica, cinética e potencial","Energia química, elétrica e mecânica","B"
"Qual material é recomendado para tubulações do Grupo 4 (óleo de lubrificação) segundo a norma API 614?","Cobre e suas ligas","Aço carbono ASTM A106-B","Aço inox austenítico ASTM A312 tipo 304 ou 316","Aço liga ASTM A193","C"
"Uma limitação importante dos sistemas hidráulicos é a dependência da temperatura. Isso ocorre porque a variação de temperatura afeta diretamente:","A pressão de vapor do fluido, causando cavitação","A capacidade de armazenamento do reservatório","A resistência mecânica das tubulações","A viscosidade do fluido, alterando vazamentos e perdas","D"
"Qual é a velocidade de fluxo recomendada para linhas de sucção das bombas em sistemas de lubrificação?","3 a 5 m/s","1,5 a 3 m/s","0,15 a 0,3 m/s","1 a 1,5 m/s","D"
"Para um sistema de lubrificação de mancais de deslizamento, qual é o nível de limpeza hidráulica típico recomendado segundo a tabela do documento?","ISO 20/18/15","ISO 16/14/11","ISO 19/16/13","ISO 15/13/10","B"
"Segundo a norma ASME B31.3, os sistemas de tubulação devem ter flexibilidade suficiente para evitar qual dos seguintes problemas?","Perda de eficiência energética","Vazamento nas junções devido à expansão térmica","Contaminação do fluido","Corrosão acelerada","B"
"Em uma análise de flexibilidade de tubulações, a utilização de loops (voltas) é uma solução comum. Qual é o princípio físico por trás dessa solução?","Isolar termicamente o fluido","Aumentar a rigidez da tubulação","Absorver a dilatação térmica por meio de deformação elástica","Reduzir a pressão interna","C"
"As juntas de expansão são recomendadas como primeira opção para adequar a flexibilidade das tubulações?","Sim, mas apenas em tubulações de pequeno diâmetro","Não, é preferível adequar através do traçado ou ancoragens","Sim, são sempre a melhor opção","Não, pois são muito caras","B"
"A equação Dy/(L-U)² ≤ K1 é utilizada na norma ASME B31.3 para:","Dimensionar suportes de tubulação","Determinar a pressão máxima admissível","Calcular a espessura mínima da parede","Verificar a necessidade de análise detalhada de flexibilidade","D"
"Qual é a finalidade das juntas de expansão em tubulações?","Facilitar a montagem","Filtrar impurezas","Absorver dilatações térmicas, esforços mecânicos e vibrações","Aumentar a pressão do sistema","C"
"Um tubo de aço inox ASTM A312 TP316 com costura soldada por resistência elétrica (ERW) tem fator de qualidade E=0,85. Se o mesmo tubo fosse sem costura, o fator seria 1,0. Isso significa que, para a mesma pressão, a espessura calculada para o tubo soldado deve ser:","Independente do fator, pois a norma API 614 exige espessura mínima","Menor que a do tubo sem costura","Igual, pois o fator não influencia","Maior, pois a tensão admissível efetiva é reduzida","D"
"Qual é o caimento mínimo recomendado para o fundo do reservatório em direção ao dreno?","5% (50 mm/m)","3% (30 mm/m)","1% (10 mm/m)","2% (20 mm/m)","D"
"De acordo com a API 614, a capacidade de rundown de um reservatório de óleo lubrificante deve ser suficiente para receber todo o óleo do sistema acrescido de uma folga de 10%. Isso significa que o volume disponível acima do nível mínimo operacional deve ser:","110% do volume de óleo nos componentes","120% do volume de óleo nos componentes","10% do volume de óleo nos componentes","Exatamente igual ao volume de óleo contido nos componentes","A"
"Qual é o tempo mínimo de residência do óleo recomendado para o dimensionamento de reservatórios?","15 minutos de vazão normal","3 minutos de vazão normal","10 minutos de vazão normal","5 minutos de vazão normal","D"
"Qual é a função principal dos acumuladores hidráulicos em sistemas de lubrificação?","Filtrar o óleo","Manter a pressão durante transientes e falhas de bomba","Armazenar óleo contaminado","Resfriar o óleo","B"
"Qual é a função do rundown tank?","Coletar óleo contaminado","Resfriar o óleo antes da filtragem","Fornecer óleo lubrificante em caso de falha de suprimento","Armazenar óleo novo para reposição","C"
"Qual é o tempo mínimo de lubrificação que o rundown tank deve fornecer?","10 minutos","1 minuto","5 minutos","3 minutos","C"
"Onde devem estar localizados os filtros de óleo em relação aos permutadores?","À jusante dos permutadores","Em paralelo com os permutadores","À montante dos permutadores","Não há recomendação específica","A"
"Os filtros de óleo devem possuir válvulas de alívio ou by-pass que permitam passagem de óleo não filtrado?","Apenas se especificado pelo cliente","Sim, sempre","Não devem possuir","Apenas em sistemas de baixa responsabilidade","C"
"Em sistemas com permutadores casco e tubo, por onde deve circular a água de resfriamento?","Depende da pressão","Pelo casco","Tanto faz","Pelos tubos","D"
"O que é trip de máquina?","Um sistema de partida automática","Um desligamento automático por motivo de segurança","Um dispositivo de proteção contra vibração","Um desligamento programado para manutenção","B"
"Qual é a função da válvula T&T (Trip and Throttle)?","Controlar a temperatura","Fechar para interromper o fluxo de vapor e tripar a máquina","Filtrar impurezas","Regular a vazão de óleo","B"
"Em que se baseia a limpeza hidráulica requerida para equipamentos específicos?","Na temperatura de operação","No tipo de bomba utilizada","Nas folgas internas dos componentes (espessura do filme de óleo)","Apenas na viscosidade do óleo","C"
"Durante o flushing oil, qual é o critério para aprovação das telas de inspeção?","Ausência total de qualquer resíduo","Presença de partículas metálicas pequenas","Conjunto limpo, ausência de partículas metálicas e duras","Coloração clara do óleo","C"
"Qual é o material recomendado para fabricação dos reservatórios de sistemas de lubrificação?","Alumínio","Aço carbono ASTM A36","Aço inox austenítico ASTM A240 TP 304","Aço liga ASTM A193","C"
"Qual princípio físico explica a multiplicação de força em um macaco hidráulico?","Lei da Gravitação Universal","Princípio de Pascal","Lei de Ohm","Princípio de Bernoulli","B"
"O código ISO 4406 20/16/13 indica a quantidade de partículas por ml em três faixas de tamanho. O que representa o número 20?","Partículas maiores ou iguais a 4 µm","Partículas entre 4 e 6 µm","Partículas maiores ou iguais a 14 µm","Partículas maiores ou iguais a 6 µm","A"
"O que é a relação beta (β) de um filtro?","A área filtrante efetiva","A razão entre o número de partículas de determinado tamanho que entram e que saem do filtro","A eficiência de filtragem para um determinado tamanho de partícula","A pressão máxima suportada pelo elemento filtrante","B"
"Um óleo com classificação ISO 4406 18/15/12 possui, respectivamente, quantas partículas por ml nas faixas de 4 µm, 6 µm e 14 µm?","Entre 1300 e 2500; entre 160 e 320; entre 20 e 40","Entre 2500 e 5000; entre 320 e 640; entre 40 e 80","Entre 1000 e 2000; entre 200 e 400; entre 10 e 20","Entre 5000 e 10000; entre 640 e 1300; entre 80 e 160","B"
"Por que as tubulações de retorno de óleo em sistemas de lubrificação são projetadas para escoamento com linha média (meia seção)?","Para reduzir a perda de carga","Para evitar golpe de aríete","Para facilitar a limpeza química","Para permitir a visualização do fluxo e medição de temperatura","D"
"Em um sistema de filtragem dupla com válvula de transferência, qual característica é essencial para garantir a confiabilidade?","A válvula deve possuir um by-pass com alívio de pressão","A válvula deve ser acionada automaticamente por pressão diferencial","A válvula deve ser projetada para não interromper o fluxo em caso de falha interna","A válvula deve permitir o bloqueio total de um filtro para manutenção","C"
"No aperto de flanges, o controle do torque é fundamental para:","Uniformizar a dilatação térmica dos parafusos","Obter a compressão correta da junta e evitar vazamentos","Garantir que o parafiso não ultrapasse o limite de escoamento","Reduzir a necessidade de reaperto","B"
"Em um sistema de lubrificação, a tubulação de sucção da bomba tem velocidade de 1,2 m/s. Se a bomba estiver localizada acima do nível do reservatório, qual cuidado adicional deve ser tomado?","Aumentar o diâmetro da tubulação para reduzir a velocidade","Instalar um filtro na sucção","Garantir que o NPSH disponível seja suficiente para evitar cavitação","Instalar uma válvula de retenção na sucção","C"
"Um sistema de lubrificação utiliza uma bomba centrífuga com curva de shut-off de 10 bar. A pressão de projeto da tubulação de descarga deve ser, no mínimo:","15 bar","12 bar","10 bar","11 bar","C"
"Que nota você daria para a aula sobre tubulações rígidas e flexíveis, considerando a clareza, organização e relevância do conteúdo?","1 - Ruim","2 - Regular","3 - Bom","4 - Excelente","A"